{
    "name" : "[COLOR lime]Xship[/COLOR]",
    "plugin" : "plugin.video.xship",
    "language" : "de",
    "priority" : 200,
    "is_resolvable" : "true",
    "play_movie" : "plugin://plugin.video.xship/?action=playExtern&title={title}&year={year}&imdb={imdb}&season=0&episode=0&originaltitle={originaltitle}&poster={poster}&plot={de_plot}",
    "play_episode" : "plugin://plugin.video.xship/?action=playExtern&title={clearname}&year={year}&imdb={imdb}&season={season}&episode={episode}&originaltitle={showname}&poster={poster}&plot={de_plot}"
}
